{
	"info": {
		"_postman_id": "34ade4f4-a0bf-4843-a697-2adff206f5d4",
		"name": "Tksha",
		"schema": "https://schema.getpostman.com/json/collection/v2.1.0/collection.json",
		"_exporter_id": "43795453",
		"_collection_link": "https://ellay-917183.postman.co/workspace/My-Workspace~08628a96-8e1a-45f9-8f77-1999d96921bf/collection/43795453-34ade4f4-a0bf-4843-a697-2adff206f5d4?action=share&source=collection_link&creator=43795453"
	},
	"item": [
		{
			"name": "register",
			"request": {
				"method": "POST",
				"header": [],
				"body": {
					"mode": "raw",
					"raw": "{\r\n    \"name\": \"Lisa Mars\",\r\n    \"email\": \"lisa@lisa.com\",\r\n    \"password\": \"lisamars\",\r\n    \"gender\": \"female\",\r\n    \"address\": \"350 5th Ave, New York, NY 10118\",// or \"address\": \"350 5th Ave, New York, NY 10118\",\r\n    \"bio\": \"Food enthusiast and travel lover\",\r\n    \"radius_preference\": 50,\r\n    \"lat\": 40.7484,\r\n    \"lng\": -73.9857\r\n    //\"profile_picture\": \"profile_pictures/john_doe.jpg\" optional\r\n}\r\n",
					"options": {
						"raw": {
							"language": "json"
						}
					}
				},
				"url": {
					"raw": "http://localhost/Tksha/api/register.php/",
					"protocol": "http",
					"host": [
						"localhost"
					],
					"path": [
						"Tksha",
						"api",
						"register.php",
						""
					]
				}
			},
			"response": []
		},
		{
			"name": "login",
			"request": {
				"method": "POST",
				"header": [],
				"body": {
					"mode": "raw",
					"raw": "{\r\n    \"email\": \"jane@example.com\",\r\n    \"password\": \"Sample!123\"\r\n}",
					"options": {
						"raw": {
							"language": "json"
						}
					}
				},
				"url": {
					"raw": "http://localhost/Tksha/api/login.php/",
					"protocol": "http",
					"host": [
						"localhost"
					],
					"path": [
						"Tksha",
						"api",
						"login.php",
						""
					]
				}
			},
			"response": []
		},
		{
			"name": "activities G",
			"request": {
				"auth": {
					"type": "bearer",
					"bearer": [
						{
							"key": "token",
							"value": "eyJ0eXAiOiJKV1QiLCJhbGciOiJIUzI1NiJ9.eyJpc3MiOiJ0a3NoYV9kYXRpbmdfYXBwIiwiYXVkIjoidGtzaGFfdXNlcnMiLCJpYXQiOjE3NDc0MzA2NTUsImV4cCI6MTc0NzUxNzA1NSwiZGF0YSI6eyJpZCI6MTN9fQ.ZJln-jJP8aQx96MOH1UdHuijqbwYCYen5c9oca6gJLM",
							"type": "string"
						}
					]
				},
				"method": "GET",
				"header": [],
				"url": {
					"raw": "http://localhost/Tksha/api/activities.php/",
					"protocol": "http",
					"host": [
						"localhost"
					],
					"path": [
						"Tksha",
						"api",
						"activities.php",
						""
					]
				}
			},
			"response": []
		},
		{
			"name": "activities P",
			"request": {
				"auth": {
					"type": "bearer",
					"bearer": [
						{
							"key": "token",
							"value": "eyJ0eXAiOiJKV1QiLCJhbGciOiJIUzI1NiJ9.eyJpc3MiOiJ0a3NoYV9kYXRpbmdfYXBwIiwiYXVkIjoidGtzaGFfdXNlcnMiLCJpYXQiOjE3NDc1MjE5MDYsImV4cCI6MTc0NzYwODMwNiwiZGF0YSI6eyJpZCI6NH19.BjmCCuYTgXlTaLOol7xTmBHrv4hu4CBuWipWxg453jQ",
							"type": "string"
						}
					]
				},
				"method": "POST",
				"header": [],
				"body": {
					"mode": "raw",
					"raw": "{\r\n  \"activity_ids\": [1, 2, 3,5,8]\r\n}\r\n",
					"options": {
						"raw": {
							"language": "json"
						}
					}
				},
				"url": {
					"raw": "http://localhost/Tksha/api/activities.php/",
					"protocol": "http",
					"host": [
						"localhost"
					],
					"path": [
						"Tksha",
						"api",
						"activities.php",
						""
					]
				}
			},
			"response": []
		},
		{
			"name": "user_activities",
			"protocolProfileBehavior": {
				"disableBodyPruning": true
			},
			"request": {
				"auth": {
					"type": "bearer",
					"bearer": [
						{
							"key": "token",
							"value": "eyJ0eXAiOiJKV1QiLCJhbGciOiJIUzI1NiJ9.eyJpc3MiOiJ0a3NoYV9kYXRpbmdfYXBwIiwiYXVkIjoidGtzaGFfdXNlcnMiLCJpYXQiOjE3NDc0OTIzODcsImV4cCI6MTc0NzU3ODc4NywiZGF0YSI6eyJpZCI6MX19.qSMVy-TRwyYhSRyCoVoc8JQKNzyBeFR5PIIm_Qb1XlE",
							"type": "string"
						}
					]
				},
				"method": "GET",
				"header": [],
				"body": {
					"mode": "raw",
					"raw": "",
					"options": {
						"raw": {
							"language": "json"
						}
					}
				},
				"url": {
					"raw": "http://localhost/Tksha/api/user_activities.php/",
					"protocol": "http",
					"host": [
						"localhost"
					],
					"path": [
						"Tksha",
						"api",
						"user_activities.php",
						""
					]
				}
			},
			"response": []
		},
		{
			"name": "potential_matches",
			"request": {
				"auth": {
					"type": "bearer",
					"bearer": [
						{
							"key": "token",
							"value": "eyJ0eXAiOiJKV1QiLCJhbGciOiJIUzI1NiJ9.eyJpc3MiOiJ0a3NoYV9kYXRpbmdfYXBwIiwiYXVkIjoidGtzaGFfdXNlcnMiLCJpYXQiOjE3NDc1MDgyNTEsImV4cCI6MTc0NzU5NDY1MSwiZGF0YSI6eyJpZCI6MX19.P4GH2JV-hgKjJyPOuFVyM0heMmsf0Wp86ziwYixZkDk",
							"type": "string"
						}
					]
				},
				"method": "GET",
				"header": [
					{
						"key": "Authorization",
						"value": "Bearer eyJ0eXAiOiJKV1QiLCJhbGciOiJIUzI1NiJ9.eyJpc3MiOiJ0a3NoYV9kYXRpbmdfYXBwIiwiYXVkIjoidGtzaGFfdXNlcnMiLCJpYXQiOjE3NDc0OTE5MzcsImV4cCI6MTc0NzU3ODMzNywiZGF0YSI6eyJpZCI6MTF9fQ.9iXrdonw7HAZJmSo6rPNsqAM-dutxwHqIlHBoqN1uoM",
						"name": "authorization",
						"type": "text"
					},
					{
						"key": "Cache-Control",
						"value": "no-cache",
						"name": "cache-control",
						"type": "text"
					},
					{
						"key": "Postman-Token",
						"value": "<calculated when request is sent>",
						"name": "postman-token",
						"type": "text"
					},
					{
						"key": "Content-Length",
						"value": "0",
						"name": "content-length",
						"type": "text"
					},
					{
						"key": "Host",
						"value": "<calculated when request is sent>",
						"name": "host",
						"type": "text"
					},
					{
						"key": "User-Agent",
						"value": "PostmanRuntime/7.39.1",
						"name": "user-agent",
						"type": "text"
					},
					{
						"key": "Accept",
						"value": "*/*",
						"name": "accept",
						"type": "text"
					},
					{
						"key": "Accept-Encoding",
						"value": "gzip, deflate, br",
						"name": "accept-encoding",
						"type": "text"
					},
					{
						"key": "Connection",
						"value": "keep-alive",
						"name": "connection",
						"type": "text"
					}
				],
				"url": {
					"raw": "http://localhost/Tksha/api/potential_matches.php/",
					"protocol": "http",
					"host": [
						"localhost"
					],
					"path": [
						"Tksha",
						"api",
						"potential_matches.php",
						""
					]
				}
			},
			"response": []
		},
		{
			"name": "get_profile",
			"request": {
				"auth": {
					"type": "bearer",
					"bearer": [
						{
							"key": "token",
							"value": "eyJ0eXAiOiJKV1QiLCJhbGciOiJIUzI1NiJ9.eyJpc3MiOiJ0a3NoYV9kYXRpbmdfYXBwIiwiYXVkIjoidGtzaGFfdXNlcnMiLCJpYXQiOjE3NDc1MjE5MDYsImV4cCI6MTc0NzYwODMwNiwiZGF0YSI6eyJpZCI6NH19.BjmCCuYTgXlTaLOol7xTmBHrv4hu4CBuWipWxg453jQ",
							"type": "string"
						}
					]
				},
				"method": "GET",
				"header": [],
				"url": {
					"raw": "http://localhost/Tksha/api/get_profile.php/",
					"protocol": "http",
					"host": [
						"localhost"
					],
					"path": [
						"Tksha",
						"api",
						"get_profile.php",
						""
					]
				}
			},
			"response": []
		},
		{
			"name": "swipe",
			"request": {
				"auth": {
					"type": "bearer",
					"bearer": [
						{
							"key": "token",
							"value": "eyJ0eXAiOiJKV1QiLCJhbGciOiJIUzI1NiJ9.eyJpc3MiOiJ0a3NoYV9kYXRpbmdfYXBwIiwiYXVkIjoidGtzaGFfdXNlcnMiLCJpYXQiOjE3NDc1MDgyNTEsImV4cCI6MTc0NzU5NDY1MSwiZGF0YSI6eyJpZCI6MX19.P4GH2JV-hgKjJyPOuFVyM0heMmsf0Wp86ziwYixZkDk",
							"type": "string"
						}
					]
				},
				"method": "POST",
				"header": [],
				"body": {
					"mode": "raw",
					"raw": "{\r\n  \"swiped_id\": 5,\r\n  \"is_like\": true\r\n}",
					"options": {
						"raw": {
							"language": "json"
						}
					}
				},
				"url": {
					"raw": "http://localhost/Tksha/api/swipe.php/",
					"protocol": "http",
					"host": [
						"localhost"
					],
					"path": [
						"Tksha",
						"api",
						"swipe.php",
						""
					]
				}
			},
			"response": []
		},
		{
			"name": "Matches G",
			"request": {
				"auth": {
					"type": "bearer",
					"bearer": [
						{
							"key": "token",
							"value": "eyJ0eXAiOiJKV1QiLCJhbGciOiJIUzI1NiJ9.eyJpc3MiOiJ0a3NoYV9kYXRpbmdfYXBwIiwiYXVkIjoidGtzaGFfdXNlcnMiLCJpYXQiOjE3NDc1MTUzNzgsImV4cCI6MTc0NzYwMTc3OCwiZGF0YSI6eyJpZCI6NX19.a7rlWxmWwGDanpeiyGx40NEWibCSyKIcNql3SqWmMBQ",
							"type": "string"
						}
					]
				},
				"method": "GET",
				"header": [],
				"url": {
					"raw": "http://localhost/Tksha/api/m.php/",
					"protocol": "http",
					"host": [
						"localhost"
					],
					"path": [
						"Tksha",
						"api",
						"m.php",
						""
					]
				}
			},
			"response": []
		},
		{
			"name": "messages P",
			"request": {
				"auth": {
					"type": "bearer",
					"bearer": [
						{
							"key": "token",
							"value": "eyJ0eXAiOiJKV1QiLCJhbGciOiJIUzI1NiJ9.eyJpc3MiOiJ0a3NoYV9kYXRpbmdfYXBwIiwiYXVkIjoidGtzaGFfdXNlcnMiLCJpYXQiOjE3NDc1MDgyNTEsImV4cCI6MTc0NzU5NDY1MSwiZGF0YSI6eyJpZCI6MX19.P4GH2JV-hgKjJyPOuFVyM0heMmsf0Wp86ziwYixZkDk",
							"type": "string"
						}
					]
				},
				"method": "POST",
				"header": [],
				"body": {
					"mode": "raw",
					"raw": "{\r\n  \"match_id\": 1,\r\n  \"content\": \"Hey there sweatheart!\"\r\n}",
					"options": {
						"raw": {
							"language": "json"
						}
					}
				},
				"url": {
					"raw": "http://localhost/Tksha/api/messages.php/",
					"protocol": "http",
					"host": [
						"localhost"
					],
					"path": [
						"Tksha",
						"api",
						"messages.php",
						""
					]
				}
			},
			"response": []
		},
		{
			"name": "messages G",
			"request": {
				"auth": {
					"type": "bearer",
					"bearer": [
						{
							"key": "token",
							"value": "eyJ0eXAiOiJKV1QiLCJhbGciOiJIUzI1NiJ9.eyJpc3MiOiJ0a3NoYV9kYXRpbmdfYXBwIiwiYXVkIjoidGtzaGFfdXNlcnMiLCJpYXQiOjE3NDc1MTc1MzcsImV4cCI6MTc0NzYwMzkzNywiZGF0YSI6eyJpZCI6NX19.DY1fLNsbzBRQGciGWQLVBHGNOYVRuQPKwwK6sRG_pss",
							"type": "string"
						}
					]
				},
				"method": "GET",
				"header": [],
				"url": {
					"raw": "http://localhost/Tksha/api/messages.php?match_id=1",
					"protocol": "http",
					"host": [
						"localhost"
					],
					"path": [
						"Tksha",
						"api",
						"messages.php"
					],
					"query": [
						{
							"key": "match_id",
							"value": "1"
						}
					]
				}
			},
			"response": []
		},
		{
			"name": "pusher auth",
			"request": {
				"auth": {
					"type": "bearer",
					"bearer": [
						{
							"key": "token",
							"value": "eyJ0eXAiOiJKV1QiLCJhbGciOiJIUzI1NiJ9.eyJpc3MiOiJ0a3NoYV9kYXRpbmdfYXBwIiwiYXVkIjoidGtzaGFfdXNlcnMiLCJpYXQiOjE3NDc1MTc1MzcsImV4cCI6MTc0NzYwMzkzNywiZGF0YSI6eyJpZCI6NX19.DY1fLNsbzBRQGciGWQLVBHGNOYVRuQPKwwK6sRG_pss",
							"type": "string"
						}
					]
				},
				"method": "POST",
				"header": [
					{
						"key": "Authorization",
						"value": "Bearer eyJ0eXAiOiJKV1QiLCJhbGciOiJIUzI1NiJ9.eyJpc3MiOiJ0a3NoYV9kYXRpbmdfYXBwIiwiYXVkIjoidGtzaGFfdXNlcnMiLCJpYXQiOjE3NDc1MTc1MzcsImV4cCI6MTc0NzYwMzkzNywiZGF0YSI6eyJpZCI6NX19.DY1fLNsbzBRQGciGWQLVBHGNOYVRuQPKwwK6sRG_pss",
						"name": "authorization",
						"type": "text"
					},
					{
						"key": "Cache-Control",
						"value": "no-cache",
						"name": "cache-control",
						"type": "text"
					},
					{
						"key": "Postman-Token",
						"value": "<calculated when request is sent>",
						"name": "postman-token",
						"type": "text"
					},
					{
						"key": "Content-Type",
						"value": "application/x-www-form-urlencoded",
						"name": "content-type",
						"type": "text"
					},
					{
						"key": "Content-Length",
						"value": "<calculated when request is sent>",
						"name": "content-length",
						"type": "text"
					},
					{
						"key": "Host",
						"value": "<calculated when request is sent>",
						"name": "host",
						"type": "text"
					},
					{
						"key": "User-Agent",
						"value": "PostmanRuntime/7.39.1",
						"name": "user-agent",
						"type": "text"
					},
					{
						"key": "Accept",
						"value": "*/*",
						"name": "accept",
						"type": "text"
					},
					{
						"key": "Accept-Encoding",
						"value": "gzip, deflate, br",
						"name": "accept-encoding",
						"type": "text"
					},
					{
						"key": "Connection",
						"value": "keep-alive",
						"name": "connection",
						"type": "text"
					},
					{
						"key": "Content-Type",
						"value": "application/x-www-form-urlencoded",
						"type": "text",
						"disabled": true
					}
				],
				"body": {
					"mode": "urlencoded",
					"urlencoded": [
						{
							"key": "channel_name\t",
							"value": "private-match-1",
							"type": "text"
						},
						{
							"key": "socket_id",
							"value": "850854.12709702",
							"type": "text"
						}
					]
				},
				"url": {
					"raw": "http://localhost/Tksha/api/pusher_auth.php/",
					"protocol": "http",
					"host": [
						"localhost"
					],
					"path": [
						"Tksha",
						"api",
						"pusher_auth.php",
						""
					]
				}
			},
			"response": []
		},
		{
			"name": "user activities",
			"request": {
				"auth": {
					"type": "bearer",
					"bearer": [
						{
							"key": "token",
							"value": "eyJ0eXAiOiJKV1QiLCJhbGciOiJIUzI1NiJ9.eyJpc3MiOiJ0a3NoYV9kYXRpbmdfYXBwIiwiYXVkIjoidGtzaGFfdXNlcnMiLCJpYXQiOjE3NDc1MTUzNzgsImV4cCI6MTc0NzYwMTc3OCwiZGF0YSI6eyJpZCI6NX19.a7rlWxmWwGDanpeiyGx40NEWibCSyKIcNql3SqWmMBQ",
							"type": "string"
						}
					]
				},
				"method": "GET",
				"header": [],
				"url": {
					"raw": "http://localhost/Tksha/api/user_activities.php/",
					"protocol": "http",
					"host": [
						"localhost"
					],
					"path": [
						"Tksha",
						"api",
						"user_activities.php",
						""
					]
				}
			},
			"response": []
		},
		{
			"name": "update location",
			"request": {
				"auth": {
					"type": "bearer",
					"bearer": [
						{
							"key": "token",
							"value": "eyJ0eXAiOiJKV1QiLCJhbGciOiJIUzI1NiJ9.eyJpc3MiOiJ0a3NoYV9kYXRpbmdfYXBwIiwiYXVkIjoidGtzaGFfdXNlcnMiLCJpYXQiOjE3NDc1MjE5MDYsImV4cCI6MTc0NzYwODMwNiwiZGF0YSI6eyJpZCI6NH19.BjmCCuYTgXlTaLOol7xTmBHrv4hu4CBuWipWxg453jQ",
							"type": "string"
						}
					]
				},
				"method": "POST",
				"header": [],
				"body": {
					"mode": "raw",
					"raw": "{\r\n  \"lat\": 41.7128,\r\n  \"lng\": -60.0060\r\n  // or just  \"address\": \"New York City\"\r\n}\r\n",
					"options": {
						"raw": {
							"language": "json"
						}
					}
				},
				"url": {
					"raw": "http://localhost/Tksha/api/update_location.php/",
					"protocol": "http",
					"host": [
						"localhost"
					],
					"path": [
						"Tksha",
						"api",
						"update_location.php",
						""
					]
				}
			},
			"response": []
		},
		{
			"name": "update profile",
			"request": {
				"auth": {
					"type": "bearer",
					"bearer": [
						{
							"key": "token",
							"value": "eyJ0eXAiOiJKV1QiLCJhbGciOiJIUzI1NiJ9.eyJpc3MiOiJ0a3NoYV9kYXRpbmdfYXBwIiwiYXVkIjoidGtzaGFfdXNlcnMiLCJpYXQiOjE3NDc1MjE5MDYsImV4cCI6MTc0NzYwODMwNiwiZGF0YSI6eyJpZCI6NH19.BjmCCuYTgXlTaLOol7xTmBHrv4hu4CBuWipWxg453jQ",
							"type": "string"
						}
					]
				},
				"method": "POST",
				"header": [],
				"body": {
					"mode": "raw",
					"raw": "{\r\n  \"name\": \"Carlos Mendez\",\r\n  \"bio\": \"Updated bio\"\r\n}",
					"options": {
						"raw": {
							"language": "json"
						}
					}
				},
				"url": {
					"raw": "http://localhost/Tksha/api/update_profile.php/",
					"protocol": "http",
					"host": [
						"localhost"
					],
					"path": [
						"Tksha",
						"api",
						"update_profile.php",
						""
					]
				}
			},
			"response": []
		},
		{
			"name": "update radius",
			"protocolProfileBehavior": {
				"disableBodyPruning": true
			},
			"request": {
				"auth": {
					"type": "bearer",
					"bearer": [
						{
							"key": "token",
							"value": "eyJ0eXAiOiJKV1QiLCJhbGciOiJIUzI1NiJ9.eyJpc3MiOiJ0a3NoYV9kYXRpbmdfYXBwIiwiYXVkIjoidGtzaGFfdXNlcnMiLCJpYXQiOjE3NDc1MjE5MDYsImV4cCI6MTc0NzYwODMwNiwiZGF0YSI6eyJpZCI6NH19.BjmCCuYTgXlTaLOol7xTmBHrv4hu4CBuWipWxg453jQ",
							"type": "string"
						}
					]
				},
				"method": "GET",
				"header": [],
				"body": {
					"mode": "raw",
					"raw": "{\r\n    \"radius_preference\": 50\r\n}",
					"options": {
						"raw": {
							"language": "json"
						}
					}
				},
				"url": {
					"raw": "http://localhost/Tksha/api/update_radius.php/",
					"protocol": "http",
					"host": [
						"localhost"
					],
					"path": [
						"Tksha",
						"api",
						"update_radius.php",
						""
					]
				}
			},
			"response": []
		},
		{
			"name": "upload profile pciture",
			"request": {
				"auth": {
					"type": "bearer",
					"bearer": [
						{
							"key": "token",
							"value": "eyJ0eXAiOiJKV1QiLCJhbGciOiJIUzI1NiJ9.eyJpc3MiOiJ0a3NoYV9kYXRpbmdfYXBwIiwiYXVkIjoidGtzaGFfdXNlcnMiLCJpYXQiOjE3NDc1MjE5MDYsImV4cCI6MTc0NzYwODMwNiwiZGF0YSI6eyJpZCI6NH19.BjmCCuYTgXlTaLOol7xTmBHrv4hu4CBuWipWxg453jQ",
							"type": "string"
						}
					]
				},
				"method": "POST",
				"header": [],
				"body": {
					"mode": "formdata",
					"formdata": [
						{
							"key": "profile_picture",
							"type": "file",
							"src": "c:\\Users\\Ellay Mesud\\Pictures\\outside picture\\Screenshot 2025-02-16 165223.png"
						}
					]
				},
				"url": {
					"raw": "http://localhost/Tksha/api/upload_profile_picture.php/",
					"protocol": "http",
					"host": [
						"localhost"
					],
					"path": [
						"Tksha",
						"api",
						"upload_profile_picture.php",
						""
					]
				}
			},
			"response": []
		}
	]
}